OBJECTID,Join_Count,TARGET_FID,FIN,ACRES,SHORELINE_MILES,WATER,WATER_SYSTEM_NAME,WATER_SYSTEM_ID,SOURCE_NAME,PRINCIPAL_COUNTY_SERVED,FACILITY_ID,WATER_SYSTEM_TYPE,ADDITIONAL_REG_AGENCY,CONTACT_NAME,CONTACT_PHONE,POPULATION_SERVED,SOURCE_TYPE,SHAPE__Area,SHAPE__Length
1,1,45,C-25-26-35-5-P254,1954.299999999999955,21.500000000000000,Lake Placid,LAKE PLACID V,NY1500284,LAKE PLACID INTAKE,ESSEX,2570948.000000000000000,C, ,LAKE PLACID MAYOR AND VILLAGE TRUSTEES,518-523-2597,5000.000000000000000,IN,15464420.605468750000000,48338.056460772488208
2,1,54,C-25-8-P218,160.599999999999994,3.000000000000000,Butternut Pond,KEESEVILLE V,NY1500283,BUTTERNUT POND INTAKE,ESSEX,2570947.000000000000000,C, ,KEESEVILLE MAYOR AND VILLAGE TRUSTEES,518-834-9059,2300.000000000000000,IN,1275266.019531250000000,6836.800798224517166
3,4,114,C-P1,276083.900000000023283,622.200000000000045,Lake Champlain,PORT KENT WD,NY1520370,LAKE CHAMPLAIN,ESSEX,2628361.000000000000000,C, ,CHESTERFIELD SUPERVISOR AND TOWN BOARD,518-834-9042,158.000000000000000,IN,2204567495.964843750000000,1405236.783677751896903
4,18,140,C-101-P367,28523.100000000002183,162.300000000000011,Lake George,SHORE COLONY,NY5618359,"LAKE GEORGE INTAKE (80' OUT, 30' DEEP)",WARREN,2571979.000000000000000,NC, ,"HARRINGTON, CHRIS",518-793-8866,100.000000000000000,IN,220297674.074218750000000,360954.054062882845756
5,2,148,PA-63-13-4-P122,13163.899999999999636,47.899999999999999,Chautauqua Lake,CHAUTAUQUA WATER DISTRICT #2,NY0602924,CHAUTAUQUA LAKE INTAKE,CHAUTAUQUA,2570847.000000000000000,C,PUBLIC SERVICE COMMISSION,CHAUTAUQUA TOWN SUPERVISOR, ,174.000000000000000,IN,96806178.164062500000000,103924.264696647107485
6,1,332,PA-63-13-23-P131,116.299999999999997,2.700000000000000,Bear Lake,BROCTON VILLAGE,NY0600353,BEAR LAKE,CHAUTAUQUA,2570835.000000000000000,C, ,VILLAGE OF BROCTON MAYOR,716-792-4169,5185.000000000000000,IN,859804.363281250000000,5813.578926638287157
7,2,418,E-P5000,75109.500000000000000,79.000000000000000,Lake Erie,ECWA DIRECT,NY1400443,LAKE ERIE INTAKE FOR STURGEON POINT,ERIE,2570934.000000000000000,C, ,ERIE COUNTY WATER AUTHORITY,716-849-8484,410479.000000000000000,IN,562553292.800781250000000,172996.732180168444756
8,3,423,E-P5000,272978.099999999976717,301.300000000000011,Lake Erie,DUNKIRK CITY AND AREA,NY0600360,LAKE ERIE INTAKE,CHAUTAUQUA,2570839.000000000000000,C, ,CITY OF DUNKIRK MAYOR, ,14000.000000000000000,IN,2004439598.445312500000000,653380.312557529658079
9,1,444,E-50-5-P162,2.800000000000000,0.300000000000000,Burr Reservoir,BROCTON VILLAGE,NY0600353,BURR RESERVOIR,CHAUTAUQUA,2570837.000000000000000,C, ,VILLAGE OF BROCTON MAYOR,716-792-4169,5185.000000000000000,IN,20549.019531250000000,567.016943636352721
10,2,542,D-1-38-3-P44,145.500000000000000,1.900000000000000,Kiamesha Lake,KIAMESHA ARTESIAN SPRING WATER COMPANY,NY5203344,KIAMESHA LAKE INTAKE,SULLIVAN,2571516.000000000000000,C,PUBLIC SERVICE COMMISSION,"GIBBER, HAROLD",845-794-4915,495.000000000000000,IN,1057079.140625000000000,4100.819400723984472
11,1,690,D-1-35-P40,215.599999999999994,5.000000000000000,Lake Louise Marie,EMERALD GREEN LAKE LOUISE MARIE WS,NY5203346,LAKE LOUISE MARIE INTAKE,SULLIVAN,2571517.000000000000000,C,PUBLIC SERVICE COMMISSION,"CUTLER, JUDITH", ,2400.000000000000000,IN,1563195.921875000000000,10706.457605521922233
12,1,704,SLC-21-P2,2564.099999999999909,18.300000000000001,Upper Chateaugay Lake,TANAGER LODGE,NY0922982,UPPER CHATEAUGAY LAKE,CLINTON,2570893.000000000000000,NP, ,"WELCH, THOMAS",518-425-3386,70.000000000000000,IN,20581876.312500000000000,41444.565115689183585
13,1,717,ONT-84-P96,3115.800000000000182,23.699999999999999,Sodus Bay,EAGLE ISLAND HOMEOWNERS ASSOC,NY5830005,SODUS BAY,WAYNE,2572013.000000000000000,NC,PUBLIC SERVICE COMMISSION,"CUMMING, DONALD J", ,200.000000000000000,IN,23784128.894531250000000,52384.339812838465150
14,1,721,H-31-P44,1948.600000000000136,38.200000000000003,New Croton Reservoir,NEW YORK CITY SYSTEM,NY7003493,NEW CROTON RESERVOIR,NEW YORK ( BOROUGH),2624853.000000000000000,C,USEPA REGION 2,"LLOYD, EMILY",718-595-6500,8271000.000000000000000,IN,13965849.234375000000000,81876.917655161203584
15,3,733,H-264-4-P1095,1718.799999999999955,19.000000000000000,Tomhannock Reservoir,TROY CITY PWS,NY4100050,INTAKES,RENSSELAER,2596696.000000000000000,C, ,"TUTUNJIAN, HARRY",518-270-4401,49170.000000000000000,IN,12951804.171875000000000,41739.629847740587138
16,2,741,ONT-117-40-P67,3207.599999999999909,18.300000000000001,Conesus Lake,AVON VILLAGE,NY2501012,CONESUS LAKE INTAKE,LIVINGSTON,2571220.000000000000000,C, ,"BARRETT, JOHN",585-226-8118,3000.000000000000000,IN,24097497.234375000000000,40184.163008459268895
17,1,822,ONT-117-27-P57,1796.600000000000136,10.700000000000001,Honeoye Lake,SIX-IN-COVE HOMEOWNERS ASSOC.,NY3421731,HONEOYE LAKE,ONTARIO,2571300.000000000000000,NP, ,"SCHRAEDER, NORMAN & BETTY",585-367-3076,12.000000000000000,IN,13488985.597656250000000,23443.033340529007546
18,1,824,ONT-117-27-34-11-P43,668.700000000000045,7.300000000000000,Canadice Lake,ROCHESTER CITY,NY2704518,CANADICE LAKE INTAKE,MONROE,2600309.000000000000000,C, ,"MORRISON, BOB",585-428-6782,214000.000000000000000,IN,5014405.546875000000000,16115.665548141607360
19,1,826,ONT-117-27-34-P44,2074.000000000000000,16.600000000000001,Hemlock Lake,ROCHESTER CITY,NY2704518,HEMLOCK LAKE INTAKE,MONROE,2571238.000000000000000,C, ,"MORRISON, BOB",585-428-6782,214000.000000000000000,IN,15556425.699218750000000,36354.300426352980139
20,4,946,E-P5000,1944458.000000000000000,329.900000000000034,Lake Erie,ECWA DIRECT,NY1400443,LAKE ERIE INTAKE FOR STURGEON POINT,ERIE,2570934.000000000000000,C, ,ERIE COUNTY WATER AUTHORITY,716-849-8484,410479.000000000000000,IN,14468487453.949218750000000,720643.507139854598790
21,1,971,NJ-1-12-P977A,720.100000000000023,9.600000000000000,DeForest Lake,UNITED WATER NEW YORK,NY4303673,LAKE DEFOREST-IN,ROCKLAND,2571391.000000000000000,C,PUBLIC SERVICE COMMISSION,"POINTING, MICHAEL",845-620-3312,270000.000000000000000,IN,5144397.308593750000000,20586.283193123996170
22,1,1013,NJ-12-17-P1008-3-P1010,323.699999999999989,5.300000000000000,Mombasha Lake,MONROE VILLAGE,NY3503535,MOMBASHA LAKE,ORANGE,2571313.000000000000000,C, ,"MONROE, MAYOR & VILLAGE BD",845-783-5162,9516.000000000000000,IN,2323345.570312500000000,11304.380247306691672
23,1,1047,H-193-29-P950A,236.800000000000011,4.900000000000000,Basic Creek Reservoir,ALBANY CITY,NY0100189,BASIC CREEK RESERVOIR,ALBANY,2570793.000000000000000,C, ,"KOSA, JOHN",518-434-5300,101082.000000000000000,IN,1764436.695312500000000,10601.938813802504228
24,1,1119,H-43-P152,292.600000000000023,6.300000000000000,Lake Tiorati,LAKE TIORATI WS,NY3517682,LAKE TIORATI,ORANGE,2571342.000000000000000,NC, ,"WILLIAMS, FRED",845-786-2701,999.000000000000000,IN,2098764.500000000000000,13592.852452932927918
25,1,1184,H-139-14-P815A,2023.799999999999955,19.000000000000000,Rondout Reservoir,NEW YORK CITY SYSTEM,NY7003493,RONDOUT RESERVOIR (50048 MG),NEW YORK ( BOROUGH),2572066.000000000000000,C,USEPA REGION 2,"LLOYD, EMILY",718-595-6500,8271000.000000000000000,IN,14771583.179687500000000,41010.556347114921664
26,1,1185,H-139-13-19-28-P491,101.500000000000000,4.000000000000000,Shawangunk Lake,MIDDLETOWN CITY,NY3503534,SHAWANGUNK RESERVOIR,ORANGE,2571312.000000000000000,C,ENVIRONMENTAL PROTECTION AGENCY,"TAWIL, JACOB",845-343-3169,28400.000000000000000,IN,732322.968750000000000,8507.253016631804712
27,1,1200,H-212-PN185,1363.400000000000091,17.199999999999999,Alcove Reservoir,ALBANY CITY,NY0100189,ALCOVE RESERVOIR,ALBANY,2570792.000000000000000,C, ,"KOSA, JOHN",518-434-5300,101082.000000000000000,IN,10156058.082031250000000,37521.208115332192392
28,1,1219,NJ-12-18-P1011,88.100000000000009,3.700000000000000,Lake Stahahe,LAKE STAHAHE WS,NY3517675,LAKE STAHAHE,ORANGE,2571340.000000000000000,NC, ,"WILLIAMS, FRED",845-786-2701,1000.000000000000000,IN,631625.371093750000000,7879.360772544250722
29,1,1235,NJ-12-15-P1007,290.900000000000034,4.400000000000000,Tuxedo Lake,TUXEDO PARK VILLAGE,NY3503557,TUXEDO LAKE,ORANGE,2571318.000000000000000,C, ,"TUXEDO PARK, MAYOR AND VILLAGE BD",845-351-4745,1100.000000000000000,IN,2082587.507812500000000,9353.122569611497966
30,1,1243,H-31-P44-14-P50,565.200000000000045,8.000000000000000,Amawalk Reservoir,WESTCHESTER COUNTY WD #2,NY5903489,"AMAWALK RESERVOIR, NYC CROTON SYSTEM",WESTCHESTER,2572025.000000000000000,C, ,"GEHO, MATTHEW",914-737-3558,0.000000000000000,IN,4059294.363281250000000,17246.938938785569917
31,1,1257,H-202-P6666,257.899999999999977,12.800000000000001,Sleepy Hollow Lake,SLEEPY HOLLOW LAKE WATER CO.,NY1915264,SLEEPY HOLLOW LAKE,GREENE,2571066.000000000000000,C,ENVIRONMENTAL PROTECTION AGENCY,"DEJARNETTE, JEFF", ,2000.000000000000000,IN,1910116.160156250000000,27811.577906707789225
32,1,1264,H-31-P44-14-P53,578.600000000000023,7.900000000000000,Lake Mahopac,CARMEL WD 8,NY3903644,LAKE MAHOPAC,PUTNAM,2571369.000000000000000,C, ,CARMEL TOWN SUPERVISOR,845-628-1500,1600.000000000000000,IN,4164451.746093750000000,17064.117082468077570
33,1,1336,H-171-17-21-P839,149.800000000000011,2.400000000000000,Cooper Lake,KINGSTON (CITY) WATER DISTRICT,NY5503374,COOPER LAKE RESERVOIR,ULSTER,2576463.000000000000000,C, ,"CITY MAYOR, KINGSTON",845-334-3902,24000.000000000000000,IN,1101109.167968750000000,5144.799071193574491
34,2,1438,H-221-4-PN270,383.699999999999989,11.600000000000000,Watervliet Reservoir,WATERVLIET CITY,NY0110127,WATERVLIET RESERVOIR,ALBANY,2570804.000000000000000,C,ENVIRONMENTAL PROTECTION AGENCY,"GLEASON, MARK",518-270-3800,9889.000000000000000,IN,2880438.132812500000000,25454.694808462081710
35,1,1491,H-139-13-59-P668,320.000000000000000,8.199999999999999,Glenmere Lake,FLORIDA VILLAGE,NY3503527,GLENMERE LAKE,ORANGE,2571305.000000000000000,C,ENVIRONMENTAL PROTECTION AGENCY,"FLORIDA, MAYOR & VILLAGE BD", ,2883.000000000000000,IN,2299981.882812500000000,17541.460322408907814
36,1,1516,H-240-P5293,0.765271600000000,0.129068930000000,Unnamed Water,CANAJOHARIE (V) WATER WORKS,NY2800137,LOST LAKE - E,MONTGOMERY,2571252.000000000000000,C, ,CANAJOHARIE MAYOR AND VILLAGE BOARD,518-673-5512,2300.000000000000000,IN,5805.503906250000000,284.420840544659086
37,1,1572,H-193-1-P913,62.700000000000003,2.600000000000000,Hollister Lake,ATHENS VILLAGE,NY1900024,HOLLISTER LAKE RESERVOIR,GREENE,2571045.000000000000000,C, ,"PROPER, DENNIS", ,1850.000000000000000,IN,464809.417968750000000,5697.661597913507649
38,1,1602,H-171-P848,8060.199999999999818,52.000000000000000,Ashokan Reservoir,NEW YORK CITY SYSTEM,NY7003493,ASHOKAN RESERVOIR (127858 MG),NEW YORK ( BOROUGH),2572069.000000000000000,C,USEPA REGION 2,"LLOYD, EMILY",718-595-6500,8271000.000000000000000,IN,59090659.296875000000000,112689.728012138148188
39,1,1655,H-240-14-P503A,366.336866769999972,13.698489130000000,Stony Reservoir,LATHAM WATER DISTRICT,NY0100198,STONY CREEK RESERVOIR,ALBANY,2570798.000000000000000,C, ,"FRAZER, JOHN W.",518-783-2750,78500.000000000000000,IN,2758414.820312500000000,30061.395498987661995
40,1,1666,H-240-180-P799,2683.676961470000151,25.497381839999999,Hinckley Reservoir,MVWA - MOHAWK VALLEY WATER AUTHORITY,NY3202411,SOURCE - HINCKLEY INTAKE TOWER STRUCTURE,ONEIDA,2582331.000000000000000,C, ,"SCHREPPEL, CONNIE",315-792-0301,130000.000000000000000,IN,20551571.078125000000000,56432.388088505904307
41,1,1677,H-240-82-63-25-P599,0.483078330000000,0.115016980000000,Unnamed Water,RICHMONDVILLE VILLAGE,NY4700097,SURFACE RESERVOIR # 2,SCHOHARIE,2571460.000000000000000,C, ,"NEARY, KEVIN",518-294-6681,918.000000000000000,IN,3618.683593750000000,252.069264668122486
42,1,1678,H-240-127-13-P681A,0.576791780000000,0.141730710000000,Fort Plain Reservoir,FORT PLAIN (V) WATER WORKS,NY2800139,NORTH CREEK RESERVOIR,MONTGOMERY,2571256.000000000000000,C, ,FORT PLAIN MAYOR AND VILLAGE BOARD,518-993-4271,2400.000000000000000,IN,4372.136718750000000,311.787931784989098
43,1,1802,H-240-144-9-15-P708,112.345664999999997,5.071957700000000,Klondike Reservoir,LITTLE FALLS CITY,NY2102308,KLONDIKE IMPOUNDING RESERVOIR,HERKIMER,2571108.000000000000000,C, ,LITTLE FALLS MAYOR & BRD OF PUBLIC WORKS,315-823-2400,5800.000000000000000,IN,857567.789062500000000,11203.761151783448440
44,1,1895,SL-25-P309,6795.191579139999703,79.937890990000000,Cranberry Lake,WANAKENA STATE RANGER SCHOOL,NY4411830,SURFACE IMPOUNDMENT,ST LAWRENCE,2623888.000000000000000,NTNC, ,SUNY COLLEGE OF ENV. SCIENCE & FORESTRY,315-848-2566,100.000000000000000,IN,53501558.937500000000000,179422.593352460768074
45,1,2024,SL-1-P109,4857.705888100000266,47.967925070000000,Tupper Lake,TUPPER LAKE V,NY1600012,TUPPER LAKE INTAKE,FRANKLIN,2570997.000000000000000,C, ,TUPPER LAKE MAYOR AND VILLAGE TRUSTEES,518-359-3341,5500.000000000000000,IN,38268932.152343750000000,107706.035480563004967
46,1,2059,SL-25-P301,233.997509559999997,6.985394940000000,Newton Falls Reservoir Lo,NEWTON FALLS WATER DISTRICT,NY4404403,SURFACE-OSWEGATCHIE RIVER,ST LAWRENCE,2571418.000000000000000,C, ,SUPERVISOR & TOWN BOARD,315-848-2915,350.000000000000000,IN,1845592.261718750000000,15694.130542011233047
47,1,2157,SL-1-P293-4-P307,1235.008056429999897,15.425551470000000,Blue Mountain Lake,BLUE MT LAKE WD,NY2000135,BLUE MT LAKE INTAKE,HAMILTON,2571072.000000000000000,C, ,INDIAN LAKE SUPERVISOR AND TOWN BOARD,518-648-5885,400.000000000000000,IN,9624062.757812500000000,34432.271728318890382
48,2,2190,ONT-117-70-P115,832.093730090000008,8.106793200000000,Silver Lake,PERRY VILLAGE,NY6000613,SILVER LAKE INTAKE #1,WYOMING,2572029.000000000000000,C, ,"DRAIN, JEFFREY",585-237-3720,3945.000000000000000,IN,6232515.304687500000000,17759.198733645669563
49,1,2222,C-86-3-P338,96.200000000000003,1.900000000000000,Bartlett Pond,MORIAH WD,NY1500287,BARTLETT POND INTAKE (PRIMARY),ESSEX,2570950.000000000000000,C, ,MORIAH SUPERVISOR AND TOWN BOARD,518-546-8631,3100.000000000000000,IN,755431.468750000000000,4336.206954341144410
50,1,2274,H-369-P127-33-1-P150A,0.689187350000000,0.141906840000000,Gloversville Reservoir,GLOVERSVILLE (C) WATER WORKS,NY1700018,CONTROL POND,FULTON,2594144.000000000000000,C, ,GLOVERSVILLE CITY WATER COMMISSIONERS,518-773-4518,17991.000000000000000,IN,5243.578125000000000,312.909243453963654
51,1,2399,H-240-127-25-P686-4-P689,131.399566429999993,3.783686190000000,Vandenburg Pond,GLOVERSVILLE (C) WATER WORKS,NY1700018,LAKE EDWARD - E,FULTON,2571019.000000000000000,C, ,GLOVERSVILLE CITY WATER COMMISSIONERS,518-773-4518,17991.000000000000000,IN,999231.984375000000000,8347.613763985995320
52,1,2413,H-369-P127-21-3-P135,161.827258449999988,3.782467220000000,Steele Reservoir,AMSTERDAM (C),NY2800136,STEELE RESERVOIR,MONTGOMERY,2613137.000000000000000,C, ,AMSTERDAM MAYOR & COMMON COUNCIL,518-841-4310,20700.000000000000000,IN,1232035.972656250000000,8352.074464131157583
53,1,2415,H-369-P127-21-P136A,250.635766859999990,6.189271060000000,Ireland Vly,AMSTERDAM (C),NY2800136,IRELAND VLY,MONTGOMERY,2571243.000000000000000,C, ,AMSTERDAM MAYOR & COMMON COUNCIL,518-841-4310,20700.000000000000000,IN,1907867.062500000000000,13664.333856456030844
54,3,2440,SL-1-P293,5397.190721609999855,48.749041439999999,Raquette Lake,"ANTLERS OF RAQUETTE LAKE, INC.",NY2010811,RAQUETTE LAKE,HAMILTON,2571077.000000000000000,NC,PUBLIC SERVICE COMMISSION,"POHL, DEAN", ,120.000000000000000,IN,42028569.167968750000000,108798.169077561586164
55,3,2550,ONT-66-12-43-P212,6796.898912849999761,26.534551100000002,Owasco Lake,OWASCO WATER DISTRICT,NY0501721,OWASCO LAKE,CAYUGA,2570825.000000000000000,C, ,OWASCO SUPERVISOR & TOWN BOARD, ,3000.000000000000000,IN,51197545.476562500000000,58302.114575149098528
56,6,2577,ONT-66-12-P296,42614.823628819998703,105.828777299999999,Cayuga Lake,WELLS COLLEGE,NY0512920,"CAYUGA LAKE - 8"" INTAKE, 18-28 FT. DEEP",CAYUGA,2570832.000000000000000,C, ,WELLS COLLEGE PRESIDENT,315-364-3203,400.000000000000000,IN,319598445.621093750000000,232136.138090933614876
57,1,2709,D-70-20-25-9-9-P311,74.299999999999997,2.700000000000000,Lily Pond,LIBERTY VILLAGE,NY5203329,LILY POND INTAKE,SULLIVAN,2575487.000000000000000,C, ,"KAVLESKI, JOSEPH",845-796-8650,4400.000000000000000,IN,543263.035156250000000,5860.784204056807539
58,1,2729,ONT-19-45-10-P594,1.200000000000000,0.200000000000000,Lowville Reservoir,LOWVILLE VILLAGE,NY2402365,LOWVILLE WATERSHED (RESERVOIR),LEWIS,2571216.000000000000000,C, ,"TABOLT, MARK",315-376-6624,4000.000000000000000,IN,9307.914062500000000,497.516015964822998
59,1,2772,PA-3-57-5-49-P34,23.473053920000002,1.003781610000000,Hornell Rs No 1,HORNELL CITY,NY5001215,RESERVOIR #1,STEUBEN,2571488.000000000000000,C, ,"HOGAN, SHAWN", ,8590.000000000000000,IN,174167.394531250000000,2185.926512666814688
60,7,2830,ONT-66-12-52-P286,10527.952756579999914,41.046172050000003,Canandaigua Lake,GORHAM TOWN WD,NY3401170,CANANDAIGUA LAKE,ONTARIO,2571293.000000000000000,C, ,"LIGHTFOOTE, FREDERICK",585-526-6317,4950.000000000000000,IN,79119406.406250000000000,90097.185640417781542
61,1,2883,C-119-P398,70.900000000000006,2.100000000000000,Pine Lake,WHITEHALL VILLAGE,NY5700124,PINE LAKE,WASHINGTON,2571998.000000000000000,C, ,WHITEHALL MAYOR AND VILLAGE BOARD,518-499-0871,2800.000000000000000,IN,547888.507812500000000,4784.125003038150680
62,4,2945,SR-P404,4099.850265850000142,20.303110480000001,Otsego Lake,BLUE MINGO GRILL,NY3821952,INFILTRATION GALLERY,OTSEGO,2574018.000000000000000,NC, ,"MOFFAT, J. MICHAEL", ,40.000000000000000,IN,30822278.421875000000000,44568.914380010333844
63,10,2961,ONT-66-12-P369-115-P388,11678.126354210000500,59.601173690000003,Keuka Lake,BLUFFERS (THE),NY5000663,INTAKE,STEUBEN,2571483.000000000000000,NC, ,"MCINROY, RICHARD",607-292-3328,25.000000000000000,IN,87070164.753906250000000,130316.540682872699108
64,9,3085,ONT-66-12-P369,43385.910213360002672,79.184057760000002,Seneca Lake,CAMP SENECA LAKE,NY6112874,SENECA LAKE,YATES,2572034.000000000000000,NC, ,"GOLDEN, JOHN M",585-461-2000,280.000000000000000,IN,324862532.289062500000000,173467.880919877672568
65,2,3176,ONT-66-12-29-P193,8720.334726049999517,33.989953450000002,Skaneateles Lake,SYRACUSE CITY,NY3304334,SKANEATELES LAKE INTAKE # 2 (60""),ONONDAGA,2600208.000000000000000,C, ,"SOMERS, DEBORAH",315-473-2609,192000.000000000000000,IN,65745977.316406250000000,74687.978161020655534
66,1,3392,C-23-10-P212,1.700000000000000,0.300000000000000,Unnamed Water,PERU WD,NY0900216,FURNACE BROOK RESERVOIR SURFACE,CLINTON,2570869.000000000000000,C, ,"GLUSHKO, PETE",518-643-2745,2700.000000000000000,IN,13640.296875000000000,572.714722187505458
67,1,3410,C-101-P367-56-P381,35.500000000000000,1.100000000000000,Edgecomb Pond,BOLTON WATER DISTRICT,NY5600101,EDGECOMB POND (143 MG CAPACITY),WARREN,2571900.000000000000000,C, ,"CONOVER, RON",518-664-2461,1800.000000000000000,IN,273753.882812500000000,2407.178393798707930
68,1,3445,ONT-66-12-12-P154-6-P175,2210.347613580000143,14.951641860000001,Otisco Lake,OCWA,NY3304336,OTISCO LAKE INTAKE,ONONDAGA,2571283.000000000000000,C, ,"HOOKER, MICHAEL",315-455-7061,278000.000000000000000,IN,16668650.906250000000000,32856.124399125394120
69,1,3923,SR-44-56-P108,6.100000000000001,0.500000000000000,Unnamed Water,NORWICH CITY,NY0801745,UPPER/LOWER RESERVOIRS/RANSFORD CREEK,CHENANGO,2600249.000000000000000,C, ,"IVARSON, CARL P.",607-334-1255,8000.000000000000000,IN,45297.753906250000000,1173.851558194536665
70,3,4124,ER-3-P1063,1286.799999999999955,17.100000000000001,Kensico Reservoir,NEW YORK CITY SYSTEM,NY7003493,KENSICO RESERVOIR DEL18,NEW YORK ( BOROUGH),2624827.000000000000000,C,USEPA REGION 2,"LLOYD, EMILY",718-595-6500,8271000.000000000000000,IN,9182256.777343750000000,36490.067817247923813
71,1,4176,E-37-7-P160,47.399999999999999,2.000000000000000,Fredonia Reservoir,FREDONIA VILLAGE,NY0600364,FREDONIA RESERVOIR,CHAUTAUQUA,2570842.000000000000000,C, ,VILLAGE OF FREDONIA MAYOR, ,10400.000000000000000,IN,350952.019531250000000,4287.386516948198732
72,1,4219,PA-3-29-P19,18.699999999999999,0.900000000000000,Elmira Reservoir,ELMIRA WATER BOARD,NY0701008,HOFFMAN RESERVOIR INTAKE,CHEMUNG,2570860.000000000000000,C, ,"LADOUCE, MARK",607-739-9179,65898.000000000000000,IN,137400.875000000000000,1860.100591881232276
73,1,4374,E-68-2-P165A,12.700000000000001,0.600000000000000,Minton Reservoir,WESTFIELD VILLAGE AND TOWN,NY0615782,MINTON RESERVOIR,CHAUTAUQUA,2570854.000000000000000,C, ,VILLAGE OF WESTFIELD MAYOR,716-326-2832,3890.000000000000000,IN,93871.421875000000000,1386.285133032738713
74,1,4444,ONT-19-81-18-P782,241.400000000000006,3.400000000000000,Unnamed Water,BALD MT COLONY,NY2101609,THIRD LAKE,HERKIMER,2571093.000000000000000,NC, ,"BARRETT, SANDRA",315-369-3454,80.000000000000000,IN,1872988.882812500000000,7627.468903076070092
75,1,4499,ER-3-P1063,871.500000000000000,15.000000000000000,Kensico Reservoir,WESTCHESTER JOINT WATER WORKS,NY5903435,"NYC KENSICO RES., RYE LAKE INTAKE",WESTCHESTER,2572016.000000000000000,C, ,"ROSENBLUM, NORMAN S.",914-777-7700,55210.000000000000000,IN,6216176.394531250000000,32130.641352275615645
76,1,4522,E-23-6-4-P100,47.500000000000000,2.500000000000000,Clear Lake,COLLINS/GOWANDA CORRECTIONAL FACILITIES,NY1415379,CLEAR LAKE RESERVOIR INTAKE,ERIE,2570942.000000000000000,C, ,"SCHMIDLE, THOMAS",716-532-4588,3800.000000000000000,IN,353962.660156250000000,5469.489243931351666
77,1,4614,D-1-48-P55,66.000000000000000,1.500000000000000,East Pond,WOODRIDGE VILLAGE,NY5203348,EAST POND INTAKE,SULLIVAN,2571518.000000000000000,C, ,"MCKEON, ROBERT",845-434-6320,902.000000000000000,IN,480713.625000000000000,3309.476434612110097
78,1,4708,ONT-19-40-P493,6224.699999999999818,110.100000000000009,Stillwater Reservoir,RAP SHAW CLUB,NY2130052,STILLWATER RESERVOIR,HERKIMER,2625896.000000000000000,NC, ,"PERFETTO, JERRY",315-376-3428,25.000000000000000,IN,48575371.484375000000000,245968.404210424196208
79,1,4741,E-23-20-19-P104A,1.200000000000000,0.300000000000000,Unnamed Water,GOWANDA VILLAGE,NY0400340,POINT PETER BROOK INTAKE,CATTARAUGUS,2570814.000000000000000,C, ,"KLANCER, RICHARD",716-532-3353,2800.000000000000000,IN,9193.503906250000000,548.546292373900883
80,1,4756,E-P166M,3.300000000000000,0.300000000000000,Unnamed Water,RIPLEY WATER DISTRICT,NY0600372,BELSON CREEK,CHAUTAUQUA,2570843.000000000000000,C, ,RIPLEY TOWN SUPERVISOR,716-736-2201,1300.000000000000000,IN,24471.656250000000000,583.972075444757365
81,1,4956,H-260-2-P1083,21.699999999999999,1.600000000000000,Mechanicville Reservoir,MECHANICVILLE CITY,NY4500166,MECHANICVILLE RESERVOIR (65 MG CAPACITY),SARATOGA,2571436.000000000000000,C, ,MECHANICVILLE MAYOR AND COMMON COUNCIL,518-664-9884,5200.000000000000000,IN,163681.328125000000000,3611.183932830874255
82,1,5366,C-15-58-P88,239.900000000000006,3.900000000000000,Mckenzie Pond,SARANAC LAKE V,NY1600011,MCKENZIE POND,FRANKLIN,2570994.000000000000000,C, ,"DORA, JEFF",518-891-4157,5800.000000000000000,IN,1899185.058593750000000,8711.083752170216030
83,1,5396,D-1-2-A-P3,22.800000000000001,1.100000000000000,Reservoir No.1,PORT JERVIS CITY,NY3503554,"RESERVOIRS #1, #2, #3, BOEHMLER POND",ORANGE,2571317.000000000000000,C, ,"PORT JERVIS, MAYOR & COMMON COUNCIL",845-856-4017,9000.000000000000000,IN,164248.386718750000000,2304.229997215554249
84,1,5558,H-299-P27-13-1-P30-2-P35,67.400000000000006,2.800000000000000,Loughberry Lake,SARATOGA SPRINGS CITY,NY4500168,LOUGHBERRY LAKE,SARATOGA,2571438.000000000000000,C, ,"KIRKPATRICK, THOMAS J.",518-587-3550,26525.000000000000000,IN,512026.058593750000000,6092.756122561098891
85,1,5662,D-71-P453-2-P461-1-P462,5.600000000000001,0.500000000000000,Stamford Reservoir,STAMFORD VILLAGE,NY1200272,TAYLOR RESERVOIR,DELAWARE,2570911.000000000000000,C, ,STAMFORD MAYOR AND VILLAGE BOARD, ,1280.000000000000000,IN,41309.457031250000000,1167.124952737886360
86,1,5678,H-320-3-P99C,0.600000000000000,0.100000000000000,New Reservoir,FORT EDWARD VILLAGE,NY5700119,NEW RESERVOIR (BACKUP SOURCE),WASHINGTON,2571993.000000000000000,C, ,"STIMPSON, KEVIN",518-747-6432,3152.000000000000000,IN,4720.503906250000000,310.067100771879950
87,8,5729,ONT,170880.100000000005821,217.099999999999994,Lake Ontario,LONG POINT STATE PARK - JEFFERSON CTY,NY2211795,SURFACE INTAKE-LAKE ONTARIO,JEFFERSON,2571177.000000000000000,NC, ,"NYS OFFICE OF PARKS, RECREATION",315-482-3331,360.000000000000000,IN,1335426321.968750000000000,485618.525428128137719
88,1,5820,E-50-5-P160K,17.400000000000002,0.900000000000000,Brocton Reservoir,BROCTON VILLAGE,NY0600353,SLIPPERY ROCK RESERVOIR,CHAUTAUQUA,2570838.000000000000000,C, ,VILLAGE OF BROCTON MAYOR,716-792-4169,5185.000000000000000,IN,128400.585937500000000,1917.754946341922277
89,1,6320,H-343-P114,45.399999999999999,2.700000000000000,Keenan Reservoir,GLENS FALLS CITY,NY5600104,KEENAN RESERVOIR,WARREN,2571905.000000000000000,C,ENVIRONMENTAL PROTECTION AGENCY,"GURZLER, STEVE",518-761-3850,14000.000000000000000,IN,347339.085937500000000,6025.667125915293582
90,1,6458,C-15-5-P5064,69.700000000000003,2.200000000000000,Mead Reservoir,PLATTSBURGH CITY,NY0900217,MEAD RESERVOIR,CLINTON,2570871.000000000000000,C, ,"KASPRZAK, DONALD",518-563-7701,24173.000000000000000,IN,558728.968750000000000,5027.006563876321707
91,1,6511,C-134-4-19-P5349,32.299999999999997,2.400000000000000,Unnamed Water,GLENS FALLS CITY,NY5600104,HALFWAY BROOK RESERVOIR,WARREN,2571903.000000000000000,C,ENVIRONMENTAL PROTECTION AGENCY,"GURZLER, STEVE",518-761-3850,14000.000000000000000,IN,247118.382812500000000,5285.198372593179556
92,2,6814,C-15-5-3-P27,40.700000000000003,1.700000000000000,Patterson Reservoir,PLATTSBURGH CITY,NY0900217,SARANAC RIVER,CLINTON,2570872.000000000000000,C, ,"KASPRZAK, DONALD",518-563-7701,24173.000000000000000,IN,326632.843750000000000,3755.642544822897889
93,1,6863,H-354-A-P115,37.800000000000004,2.000000000000000,Lake Bonita,MT. MCGREGOR CORR. FACILITY,NY4510444,LAKE BONITA,SARATOGA,2571443.000000000000000,C, ,"GUNDERSON, CHRIS",518-587-3960,900.000000000000000,IN,288471.367187500000000,4428.299501465784488
94,1,7044,SL-25-7-P1-3-P50,0.900000000000000,0.200000000000000,Carthage Reservoir,CARTHAGE VILLAGE,NY2202334,BELFORT RESERVOIR,JEFFERSON,2593253.000000000000000,C, ,CARTHAGE MAYOR AND VILLAGE BOARD,315-493-1061,3600.000000000000000,IN,7126.351562500000000,433.323533886163887
95,1,7076,H-221-4-35-PN292,7.500000000000000,0.500000000000000,Delanson Reservoir,DELANSON VILLAGE WATER WORKS,NY4600064,DELANSON RESERVOIR,SCHENECTADY,2571448.000000000000000,C,ENVIRONMENTAL PROTECTION AGENCY,"BURNS, SALLY",518-895-2100,428.000000000000000,IN,56409.007812500000000,1026.932736732383773
96,1,7229,H-71-P200,42.100000000000001,2.500000000000000,Bog Meadow Pond,HIGHLAND FALLS VILLAGE,NY3503532,HIGHLAND BROOK,ORANGE,2571308.000000000000000,C, ,HIGHLAND FALLS MAYOR & VILLAGE BOARD,845-446-3400,4400.000000000000000,IN,302824.449218750000000,5364.509088110508856
97,1,7390,H-208-4-PN152B,9.500000000000000,0.900000000000000,Coxsackie Reservoir,COXSACKIE VILLAGE,NY1900027,CLIMAX RESERVOIR,GREENE,2571050.000000000000000,C, ,"HEBERT, DAVE",518-731-2626,4010.000000000000000,IN,70415.746093750000000,1902.217801163755666
98,1,7391,H-P6509,8.000000000000000,0.900000000000000,Unnamed Water,SUNNY HILL RESORT,NY1904281,SURFACE SOURCE,GREENE,2576526.000000000000000,NC, ,"NICHOLSEN, GARY", ,275.000000000000000,IN,59281.113281250000000,2059.251430540096862
99,1,7395,H-193-9-2-P925A,53.700000000000003,2.600000000000000,Potic Reservoir,CATSKILL VILLAGE,NY1900026,POTIC RESERVOIR,GREENE,2571048.000000000000000,C,ENVIRONMENTAL PROTECTION AGENCY,"O'CONNOR, LEWIS",518-943-5505,8000.000000000000000,IN,398456.820312500000000,5770.524062874032097
100,1,7452,C-15-60-P91,21.000000000000000,1.600000000000000,Ray Brook Pond,ADIRONDACK CORRECTIONAL FAC WS,NY1510497,RAY BROOK IMPOUNDMENT - EMERGENCY USE,ESSEX,2570969.000000000000000,C, ,"BISCEGLIA, LEO",518-891-1343,2400.000000000000000,IN,166044.042968750000000,3538.746933291848109
101,1,7455,H-P204,13.000000000000000,0.600000000000000,Lusk Reservoir,U.S.M.A. - LUSK SYSTEM,NY3511887,"LUSK RES, FROM QUEENSBORO,STILWELL,MINE",ORANGE,2575868.000000000000000,C, ,"SANDBORNE, JEFF",845-938-5041,8000.000000000000000,IN,93486.558593750000000,1368.145970774551870
102,1,7519,H-103-6-P413,1.900000000000000,0.300000000000000,Unnamed Water,MARLBOROUGH WATER DISTRICT,NY5503377,RESERVOIR,ULSTER,2571591.000000000000000,C, ,MARLBOROUGH TOWN SUPERVISOR, ,3248.000000000000000,IN,13754.433593750000000,719.009571946055416
103,1,7536,H-31-2-P42B,14.500000000000000,0.900000000000000,Indian Brook Reservoir,OSSINING WATER DEPARTMENT,NY5903451,INDIAN BROOK RESERVOIR,WESTCHESTER,2572018.000000000000000,C, ,"LEINS, RICHARD A.",914-941-3554,30000.000000000000000,IN,103795.578125000000000,1962.858341351381796
104,1,7610,NJ-13-2-P1021C,113.400000000000006,2.300000000000000,Sterling Forest Lake,BLUE LAKE,NY3512132,BLUE LAKE,ORANGE,2571332.000000000000000,C,PUBLIC SERVICE COMMISSION,"ENGELKING, JOSHUA",845-920-1034,1850.000000000000000,IN,811285.839843750000000,4980.343776341896046
105,1,7612,NJ-13-P1025,293.699999999999989,4.100000000000000,Sterling Lake,STERLING LAKE,NY3512133,STERLING LAKE,ORANGE,2571333.000000000000000,C,PUBLIC SERVICE COMMISSION,"ENGELKING, JOSHUA",845-920-1034,225.000000000000000,IN,2103288.128906250000000,8888.380814605454361
106,1,7625,H-83-P215B,1.600000000000000,0.300000000000000,Unnamed Water,COLD SPRING VILLAGE,NY3903652,FOUNDRY BROOK RESERVOIR,PUTNAM,2571372.000000000000000,C, ,"PHILLIPS, GREGORY R.",845-265-7986,2666.000000000000000,IN,11216.539062500000000,537.659567056803667
107,1,7640,C-134-4-14-P424,39.100000000000001,1.800000000000000,Dolph Pond,GREAT MEADOW/WASHINGTON CORR. FACILITIES,NY5704191,DOLPH POND - 210 MG/160 MG USEABLE,WASHINGTON,2571999.000000000000000,C, ,"LACHAPELLE, DARRELL J.",518-639-5516,3802.000000000000000,IN,300706.488281250000000,3920.121494266130867
108,1,7704,C-134-4-19-19-P452,87.500000000000000,2.600000000000000,Butler Pond,GLENS FALLS CITY,NY5600104,BUTLER RESERVOIR,WARREN,2588863.000000000000000,C,ENVIRONMENTAL PROTECTION AGENCY,"GURZLER, STEVE",518-761-3850,14000.000000000000000,IN,670488.632812500000000,5666.323809696570606
109,1,7753,H-260-2-P1081,1.300000000000000,0.200000000000000,Unnamed Water,MECHANICVILLE CITY,NY4500166,TERMINAL RESERVOIR (2.5 MG CAPACITY),SARATOGA,2571435.000000000000000,C, ,MECHANICVILLE MAYOR AND COMMON COUNCIL,518-664-9884,5200.000000000000000,IN,9556.386718750000000,456.709012371550102
110,1,7853,C-134-4-19-P455A,15.300000000000001,1.000000000000000,Wilkie Reservoir,GLENS FALLS CITY,NY5600104,WILKIE RESERVOIR,WARREN,2571904.000000000000000,C,ENVIRONMENTAL PROTECTION AGENCY,"GURZLER, STEVE",518-761-3850,14000.000000000000000,IN,117437.796875000000000,2131.231621866425485
111,1,7940,ONT-117-P30,2.600000000000000,0.300000000000000,Unnamed Water,WARSAW VILLAGE,NY6000618,RAW WATER RESERVOIR,WYOMING,2622940.000000000000000,C, ,"ROBINSON, JOE",585-786-2120,3850.000000000000000,IN,19446.488281250000000,574.251290676067015
112,6,8210,ONT,123434.199999999997090,130.199999999999989,Lake Ontario,WOLCOTT VILLAGE,NY5801245,LAKE ONTARIO,WAYNE,2572011.000000000000000,C, ,"BAKER, GARY",315-594-9501,2200.000000000000000,IN,944090237.820312500000000,287966.345954797056038
113,38,8212,ONT,4866834.200000000186265,1904.400000000000091,Lake Ontario,NEW YORK POWER AUTHORITY - MASSENA(T),NY4421262,SURFACE-ST LAWRENCE RIVER,ST LAWRENCE,2571430.000000000000000,NTNC, ,NEW YORK POWER AUTHORITY,315-764-0226,200.000000000000000,IN,37641537631.726562500000000,4269102.322397431358695
114,1,8242,H-31-P44-23-P67-10-P74,166.500000000000000,2.200000000000000,Lake Gleneida,CARMEL WD 2,NY3903641,LAKE GLENEIDA,PUTNAM,2571367.000000000000000,C, ,CARMEL TOWN SUPERVISOR,845-628-1500,5000.000000000000000,IN,1199877.738281250000000,4827.338025900897264
115,1,8324,H-240-82-147B-1-P655B,0.446945330000000,0.122525080000000,Tannersville Reservoir,TANNERSVILLE VILLAGE,NY1900033,RESERVOIR #1,GREENE,2571055.000000000000000,C, ,TANNERSVILLE VILLAGE BOARD,518-589-5850,496.000000000000000,IN,3301.238281250000000,266.500216068247767
116,1,8325,H-240-82-147B-1-3-P655A,1.249812910000000,0.181400760000000,Tannersville Reservoir,TANNERSVILLE VILLAGE,NY1900033,RESERVOIR #2,GREENE,2571054.000000000000000,C, ,TANNERSVILLE VILLAGE BOARD,518-589-5850,496.000000000000000,IN,9230.882812500000000,394.183295061027309
117,2,8339,H-208-6-PN155,58.300000000000004,1.300000000000000,Broncks Lake,COXSACKIE CORRECTIONAL FACILITY,NY1902012,BRONCK'S LAKE,GREENE,2571059.000000000000000,C, ,"KING, THOMAS",518-731-2781,2000.000000000000000,IN,432366.406250000000000,2793.625846276293487
118,1,8407,H-89-19-10-P257,117.700000000000003,2.500000000000000,Walton Lake,CHESTER VILLAGE,NY3503524,WALTON LAKE,ORANGE,2571303.000000000000000,C, ,"CHESTER, MAYOR & VILLAGE BOARD",845-469-2388,3448.000000000000000,IN,845630.500000000000000,5397.679503579899574
119,1,8417,H-139-13-19-P515,23.199999999999999,1.500000000000000,Mill Pond,MIDDLETOWN CITY,NY3503534,MILL POND RESERVOIR,ORANGE,2581891.000000000000000,C,ENVIRONMENTAL PROTECTION AGENCY,"TAWIL, JACOB",845-343-3169,28400.000000000000000,IN,167290.699218750000000,3202.646011482313952
120,1,8497,H-116-1-2A-P438P,10.600000000000000,0.900000000000000,Unnamed Water,HIGHLAND WATER DISTRICT,NY5503368,UPLAND RESERVOIRS,ULSTER,2571586.000000000000000,C, ,"TOWN SUPERVISOR, LLOYD",845-691-2144,4000.000000000000000,IN,77304.246093750000000,2043.943397980180180
121,1,8556,H-94-P341A,211.400000000000006,4.100000000000000,Chadwick Lake,NEWBURGH CONSOLIDATED WD,NY3503578,CHADWICK LAKE,ORANGE,2571321.000000000000000,C, ,"NEWBURGH, SUPERVISOR/TOWN BD",845-564-4552,22800.000000000000000,IN,1530169.167968750000000,8734.300673934458246
122,1,8684,H-139-13-19-28-P491-1-P492,116.600000000000009,2.400000000000000,Highland Lake,MIDDLETOWN CITY,NY3503534,HIGHLAND RESERVOIR,ORANGE,2571311.000000000000000,C,ENVIRONMENTAL PROTECTION AGENCY,"TAWIL, JACOB",845-343-3169,28400.000000000000000,IN,841411.167968750000000,5244.616399201962849
123,2,8690,H-240-82-63-9-P583,31.248370059999999,0.902682190000000,Cobleskill Reservoir,COBLESKILL VILLAGE,NY4700094,SURFACE RESERVOIR # 2,SCHOHARIE,2571457.000000000000000,C, ,"GALASSO, MARK A.",518-234-4661,4883.000000000000000,IN,234175.925781250000000,1977.745318221273692
124,2,8695,H-240-82-63-25-P599,1.762613630000000,0.207630510000000,Unnamed Water,RICHMONDVILLE VILLAGE,NY4700097,SURFACE RESERVOIR # 1,SCHOHARIE,2571459.000000000000000,C, ,"NEARY, KEVIN",518-294-6681,918.000000000000000,IN,13203.511718750000000,454.528187200294212
125,1,8825,H-221-4-7-PN262A,164.500000000000000,4.800000000000000,Vly Creek Reservoir,BETHLEHEM WD NO 1,NY0100191,VLY CREEK IMPOUNDING RESERVOIR,ALBANY,2570796.000000000000000,C, ,"CANSLER, JOSEPH",518-439-4955,31000.000000000000000,IN,1230182.570312500000000,10452.115676804331088
126,2,8904,H-61-P187A,126.900000000000006,3.800000000000000,Stillwell Lake,U.S.M.A. - TMP AREA ""V"" - CAMP BUCKNER,NY3530232,STILLWELL LAKE INTAKE,ORANGE,2626466.000000000000000,NTNC, ,"SANDBORNE, JEFF",845-938-5041,140.000000000000000,IN,912758.699218750000000,8114.392609711247133
127,2,8988,H-P225-1-2-P226A,192.300000000000011,6.000000000000000,Brown's Pond,NEW WINDSOR CONSOLIDATED WD,NY3503580,BROWN'S POND,ORANGE,2571322.000000000000000,C, ,"NEW WINDSOR, SUPERVISOR & TOWN BD",845-563-4610,30000.000000000000000,IN,1387943.125000000000000,12915.874346448423239
128,1,9273,H-P225,167.300000000000011,2.400000000000000,Lake Washington,NEWBURGH CITY,NY3503549,WASHINGTON LAKE,ORANGE,2571316.000000000000000,C, ,"HERBEK, RICHARD F",845-569-7301,28000.000000000000000,IN,1208451.800781250000000,5165.776808012623405
129,1,9307,H-240-82-147B-1-3-P655D,10.164623450000001,0.660424640000000,Tannersville Reservoir,TANNERSVILLE VILLAGE,NY1900033,RESERVOIR #3,GREENE,2571053.000000000000000,C, ,TANNERSVILLE VILLAGE BOARD,518-589-5850,496.000000000000000,IN,75084.183593750000000,1436.395573716904210
130,1,9322,H-188-18-P869,168.300000000000011,3.700000000000000,Lake Taghkanic,LAKE TAGHKANIC STATE PARK,NY1011778,LAKE TAGHKANIC,COLUMBIA,2570901.000000000000000,NC, ,"STUPPLEBEEN, DAVID",518-851-3631,2500.000000000000000,IN,1238040.921875000000000,8108.121995434871678
131,1,9327,H-139-13-52-P598,63.500000000000000,1.600000000000000,Monhagen Lake,MIDDLETOWN CITY,NY3503534,MONHAGEN RESERVOIR,ORANGE,2571310.000000000000000,C,ENVIRONMENTAL PROTECTION AGENCY,"TAWIL, JACOB",845-343-3169,28400.000000000000000,IN,458401.683593750000000,3331.762414444912793
132,1,9407,H-240-82-63-9-1-P5453,15.327215839999999,0.633052410000000,Holding Pond,COBLESKILL VILLAGE,NY4700094,SURFACE RESERVOIR # 3,SCHOHARIE,2571455.000000000000000,C, ,"GALASSO, MARK A.",518-234-4661,4883.000000000000000,IN,114870.542968750000000,1387.107298007862710
133,1,9440,H-55-P163A,5.700000000000000,0.400000000000000,Camp Field Reservoir,PEEKSKILL CITY,NY5903452,CAMPFIELD RESERVOIR,WESTCHESTER,2602323.000000000000000,C,ENVIRONMENTAL PROTECTION AGENCY,"KHUNS III, EDWARD A.",914-734-4150,22400.000000000000000,IN,40836.457031250000000,853.063978580062781
134,1,9441,H-P5426,2.700000000000000,0.300000000000000,Unnamed Water,PEEKSKILL CITY,NY5903452,CAMPFIELD RESERVOIR,WESTCHESTER,2602323.000000000000000,C,ENVIRONMENTAL PROTECTION AGENCY,"KHUNS III, EDWARD A.",914-734-4150,22400.000000000000000,IN,19689.402343750000000,700.957848011290366
135,1,9444,H-43-1-11-5-P150A,5.400000000000000,0.500000000000000,First Reservoir,UNITED WATER NEW YORK,NY4303673,LETCHWORTH INTAKE-IN,ROCKLAND,2617665.000000000000000,C,PUBLIC SERVICE COMMISSION,"POINTING, MICHAEL",845-620-3312,270000.000000000000000,IN,38346.589843750000000,1010.500710053751277
136,1,9468,H-221-4-31-PN290,32.100000000000001,1.700000000000000,Duanesburg Reservoir,DELANSON VILLAGE WATER WORKS,NY4600064,DUANESBURG RESERVOIR  (UPPER),SCHENECTADY,2571449.000000000000000,C,ENVIRONMENTAL PROTECTION AGENCY,"BURNS, SALLY",518-895-2100,428.000000000000000,IN,241373.253906250000000,3650.236364368671730
137,1,9530,H-128-P437,61.899999999999999,1.300000000000000,Chodikee Lake,NYS OFFICE OF CHILDREN & FAMILY SERVICES,NY5503015,CHODIKEE LAKE,ULSTER,2571571.000000000000000,C, ,"HUTTON, JOSEPH",845-691-6006,470.000000000000000,IN,450855.027343750000000,2856.675086222752270
138,2,9567,H-61-P187A-1-P188-2-P191,149.300000000000011,4.100000000000000,Popolopen Lake,CAMP BUCKNER-NATURAL BRIDGE,NY3511339,POPOLOPEN LAKE,ORANGE,2571328.000000000000000,NC, ,"SANDBORNE, JEFF",845-938-5041,3000.000000000000000,IN,1073797.281250000000000,8783.438247576415961
139,1,9672,H-240-180-55-P798F,0.771505910000000,0.137069930000000,Herkimer Reservoir,HERKIMER VILLAGE,NY2102306,SURFACE (GRAVESVILLE RESERVOIR),HERKIMER,2571097.000000000000000,C, ,HERKIMER MAYOR AND VILLAGE BOARD,315-866-3303,7606.000000000000000,IN,5894.777343750000000,303.215638031390711
140,1,9831,H-61-P187A-1-P188-2-P191-1-P193,33.500000000000000,1.300000000000000,Summit Lake,SUMMIT LAKE WS,NY3517676,SUMMIT  LAKE,ORANGE,2571341.000000000000000,NC, ,"WILLIAMS, FRED",845-786-2701,2100.000000000000000,IN,240345.003906250000000,2801.822609381355051
141,1,9958,H-171-17-P837,19.500000000000000,1.600000000000000,Kingston Rs No 1,KINGSTON (CITY) WATER DISTRICT,NY5503374,RESERVOIR #1,ULSTER,2576464.000000000000000,C, ,"CITY MAYOR, KINGSTON",845-334-3902,24000.000000000000000,IN,142789.078125000000000,3428.412711484408646
142,1,9959,H-171-17-7-P837A,21.300000000000001,0.900000000000000,Kingston Rs No 4,KINGSTON (CITY) WATER DISTRICT,NY5503374,RESERVOIR #4,ULSTER,2576466.000000000000000,C, ,"CITY MAYOR, KINGSTON",845-334-3902,24000.000000000000000,IN,156176.367187500000000,1911.680022358923225
143,1,9971,H-139-13-11-4-1-P6070,1.100000000000000,0.200000000000000,Unnamed Water,NEW PALTZ (VILLAGE) WATER DIST,NY5503379,FRONT RESEVOIR,ULSTER,2611241.000000000000000,C, ,"WEST, JASON",845-255-1413,5600.000000000000000,IN,7813.171875000000000,361.209994521941553
144,1,9974,H-240-124-P681,3.398416230000000,0.291335980000000,Fort Plain Reservoir,FORT PLAIN (V) WATER WORKS,NY2800139,BUDNICK RESERVOIR,MONTGOMERY,2571255.000000000000000,C, ,FORT PLAIN MAYOR AND VILLAGE BOARD,518-993-4271,2400.000000000000000,IN,25700.562500000000000,640.923997300045812
145,1,10037,H-240-94-3-P678A,7.779333540000000,0.422965710000000,Fonda Reservoir,FONDA (V) WATER WORKS,NY2800138,BRIGGS RUN RESERVOIR (SURFACE),MONTGOMERY,2571253.000000000000000,C, ,FONDA VILLAGE MAYOR / VILLAGE BOARD,518-853-4335,1080.000000000000000,IN,58814.433593750000000,930.144608296583215
146,1,10105,H-171-17-P838A,6.100000000000001,0.800000000000000,Kingston Rs No 2,KINGSTON (CITY) WATER DISTRICT,NY5503374,RESERVOIR #2,ULSTER,2576465.000000000000000,C, ,"CITY MAYOR, KINGSTON",845-334-3902,24000.000000000000000,IN,44899.683593750000000,1725.397627144024227
147,1,10132,H-139-13-61-9-20-P683,1.900000000000000,0.300000000000000,Unnamed Water,WARWICK VILLAGE,NY3503561,MISTUCKI BROOK RESERVOIR,ORANGE,2571319.000000000000000,C, ,"WARWICK, MAYOR & BD. TRUSTEES",845-986-2081,6083.000000000000000,IN,13481.652343750000000,592.976157906756384
148,1,10329,FI-P1108,12.640476789999999,0.644878580000000,Barlow Pond,FISHERS ISLAND WW CORP,NY5103294,BARLOW POND,SUFFOLK,2571506.000000000000000,C,PUBLIC SERVICE COMMISSION,"WALL, ROBERT",631-788-7251,2500.000000000000000,IN,90564.011718750000000,1381.305034857156215
149,1,10381,SL-25-P281,205.137080150000003,6.587962910000000,Star Lake,STAR LAKE WATER DISTRICT,NY4404398,INTAKE - STAR LAKE,ST LAWRENCE,2571416.000000000000000,C, ,FINE SUPERVISOR & TOWN BOARD,315-848-3121,927.000000000000000,IN,1614509.839843750000000,14787.919450982888520
150,1,10398,H-240-82-63-1-1-P579,8.967215189999999,0.478020060000000,Unnamed Water,CENTRAL BRIDGE WATER DISTRICT,NY4700093,SURFACE RESERVOIR # 1,SCHOHARIE,2571453.000000000000000,C,ENVIRONMENTAL PROTECTION AGENCY,"VAN WORMER, EARL",518-295-7677,593.000000000000000,IN,67301.109375000000000,1046.880126431246708
151,1,10492,H-240-187-1-P940A,38.037377900000003,1.174576300000000,Unnamed Water,ILION (V) WATER WORKS,NY2102307,CLAPSADDLE CR RES #3(FERNCLIFF),HERKIMER,2571105.000000000000000,C,ENVIRONMENTAL PROTECTION AGENCY,ILION MAYOR AND VILLAGE BOARD,315-895-7449,8053.000000000000000,IN,288028.617187500000000,2583.866799195639487
152,1,10661,H-P774,15.300000000000001,0.900000000000000,Mohonk Lake,LAKE MOHONK MOUNTAIN HOUSE,NY5519179,LAKE MOHONK,ULSTER,2571895.000000000000000,C, ,"DODD, STEVEN P",845-256-2133,880.000000000000000,IN,111374.917968750000000,1891.661912536093268
153,1,10866,H-240-82-63-13-13-P589A,2.250139650000000,0.258804910000000,Unnamed Water,SHARON SPRINGS VILLAGE,NY4700099,SURFACE RESERVOIR # 2,SCHOHARIE,2571462.000000000000000,C, ,"COUSINEAU, OMER",518-284-2625,558.000000000000000,IN,16914.855468750000000,567.391147155805811
154,1,10867,H-240-82-63-13-9-P589,29.528469110000000,0.889702340000000,Engleville Pond,SHARON SPRINGS VILLAGE,NY4700099,SURFACE RESERVOIR # 1,SCHOHARIE,2571463.000000000000000,C, ,"COUSINEAU, OMER",518-284-2625,558.000000000000000,IN,221950.816406250000000,1950.715455661652186
155,1,10957,H-240-82-63-1-P579A,16.639595620000001,0.618170860000000,Unnamed Water,CENTRAL BRIDGE WATER DISTRICT,NY4700093,SURFACE RESERVOIR # 2,SCHOHARIE,2571454.000000000000000,C,ENVIRONMENTAL PROTECTION AGENCY,"VAN WORMER, EARL",518-295-7677,593.000000000000000,IN,124900.175781250000000,1354.411023168596330
156,1,10968,H-240-P570,129.523826810000003,2.799371620000000,Mariaville Lake,MARIAVILLE LAKESIDE COUNTRY STORE,NY4630021,MARIAVILLE LAKE,SCHENECTADY,2575866.000000000000000,NC,AGRICULTURE AND MARKETS,"PIRRONE, DAVID",518-864-7777,25.000000000000000,IN,975642.667968750000000,6139.472420483641145
157,1,11010,ONT-158-12-46-P20,11.326881650000001,1.037653620000000,Attica Reservoir,ATTICA VILLAGE,NY6000607,RESERVOIR TWO INTAKE,WYOMING,2617640.000000000000000,C, ,"POST, DOUGLAS A.",585-591-0898,2700.000000000000000,IN,85193.503906250000000,2277.553781786976288
158,1,11137,H-369-P127-33-3-1-P152E,16.662331880000000,1.102083130000000,Port Reservoir,GLOVERSVILLE (C) WATER WORKS,NY1700018,PORT CREEK RESERVOIR,FULTON,2571015.000000000000000,C, ,GLOVERSVILLE CITY WATER COMMISSIONERS,518-773-4518,17991.000000000000000,IN,126576.800781250000000,2427.813667927259758
159,1,11223,H-240-144-10-P709,0.851244810000000,0.149066800000000,Dolgeville Reservoir,DOLGEVILLE (V) PWS,NY2102299,SURFACE (COLD BROOK),HERKIMER,2571094.000000000000000,C, ,DOLGEVILLE MAYOR AND VILLAGE BOARD,315-429-3112,2166.000000000000000,IN,6482.859375000000000,329.161190475372905
160,1,11224,H-240-P706B,0.829813830000000,0.157538910000000,Unnamed Water,LITTLE FALLS CITY,NY2102308,SPRUCE LAKE IMPOUNDING RESERVOIR,HERKIMER,2571107.000000000000000,C, ,LITTLE FALLS MAYOR & BRD OF PUBLIC WORKS,315-823-2400,5800.000000000000000,IN,6319.300781250000000,347.661405853128372
161,1,11904,H-369-P127-21-6-P137,51.906613739999997,1.623647870000000,Round Lake,AMSTERDAM (C),NY2800136,ROUND LAKE,MONTGOMERY,2571241.000000000000000,C, ,AMSTERDAM MAYOR & COMMON COUNCIL,518-841-4310,20700.000000000000000,IN,395023.011718750000000,3584.247394362029354
162,1,11941,H-240-89-8-P664,38.564333380000001,1.851997600000000,Cork Center Reservoir,JOHNSTOWN (C) WATER WORKS,NY1700019,HYDADDY RESERVOIR,FULTON,2571025.000000000000000,C, ,JOHNSTOWN WATER DEPT.,518-736-4027,8743.000000000000000,IN,292519.261718750000000,4080.079040889625048
163,1,11955,ONT-158-12-11-1-13-P13,47.423598509999998,2.311948330000000,Akron Reservoir,AKRON VILLAGE,NY1400397,RESERVOIR AKRON,ERIE,2570931.000000000000000,C, ,"KOWALIK, BOB",716-542-2680,3100.000000000000000,IN,357061.578125000000000,5073.123577530394869
164,1,12051,H-369-P127-33-1-P151,100.231660489999996,2.780444670000000,Jackson Summit Reservoir,GLOVERSVILLE (C) WATER WORKS,NY1700018,JACKSON SUMMIT RESERVOIR,FULTON,2571016.000000000000000,C, ,GLOVERSVILLE CITY WATER COMMISSIONERS,518-773-4518,17991.000000000000000,IN,762801.339843750000000,6138.597091793879372
165,1,12062,H-240-89-10-2-1-P670,2.608461160000000,0.259771300000000,Cold Brook Reservoir,JOHNSTOWN (C) WATER WORKS,NY1700019,CHRISTMAN RESERVOIR,FULTON,2571022.000000000000000,C, ,JOHNSTOWN WATER DEPT.,518-736-4027,8743.000000000000000,IN,19779.167968750000000,572.456787980881927
166,1,12801,ONT-66-11-P26-24-14-4-P73,64.694206789999996,3.194066540000000,Oneida City Reservoir,ONEIDA CITY,NY2602381,GLENMORE RESERVOIR,MADISON,2592855.000000000000000,C, ,"SMOLINSKI, ARTHUR",315-363-1490,12000.000000000000000,IN,495980.835937500000000,7076.089621195302243
167,1,12903,H-369-P127-21-P134D,0.270836730000000,0.097743240000000,Unnamed Water,AMSTERDAM (C),NY2800136,GLEN WILD INTAKE POND,MONTGOMERY,2571240.000000000000000,C, ,AMSTERDAM MAYOR & COMMON COUNCIL,518-841-4310,20700.000000000000000,IN,2060.136718750000000,215.847976307913967
168,1,13037,H-369-P127-33-3-1-P152D,18.659111209999999,0.898133800000000,Rice Reservoir,GLOVERSVILLE (C) WATER WORKS,NY1700018,RICE RESERVOIR,FULTON,2571017.000000000000000,C, ,GLOVERSVILLE CITY WATER COMMISSIONERS,518-773-4518,17991.000000000000000,IN,141775.882812500000000,1978.906329340355342
169,1,13043,SL-1-P180-4-P182,142.902310230000012,2.601686500000000,Little Simon Pond,TUPPER LAKE V,NY1600012,LITTLE SIMON POND INTAKE,FRANKLIN,2570996.000000000000000,C, ,TUPPER LAKE MAYOR AND VILLAGE TRUSTEES,518-359-3341,5500.000000000000000,IN,1124569.871093750000000,5839.086500692837035
170,1,13083,H-369-P127-33-1-P152,29.802493970000000,1.176449000000000,Cameron Reservoir,GLOVERSVILLE (C) WATER WORKS,NY1700018,CAMERON RESERVOIR,FULTON,2571020.000000000000000,C, ,GLOVERSVILLE CITY WATER COMMISSIONERS,518-773-4518,17991.000000000000000,IN,226932.667968750000000,2599.520284294632347
171,1,13901,PA-3-57-5-49-7-P36,22.371553140000000,0.901417400000000,Hornell Rs No 2,HORNELL CITY,NY5001215,RESERVOIR #2,STEUBEN,2571487.000000000000000,C, ,"HOGAN, SHAWN", ,8590.000000000000000,IN,166065.472656250000000,1964.472120618560666
172,1,14201,ONT-66-12-P296-75-5-P340A,17.463114829999999,1.063360920000000,Unnamed Water,ITHACA CITY,NY5404416,SIX MILE CREEK RESERVOIR AT 60 FT. DAM,TOMPKINS,2571553.000000000000000,C,ENVIRONMENTAL PROTECTION AGENCY,"BAKER, CHUCK", ,29457.000000000000000,IN,129830.343750000000000,2318.813483139657819
173,1,14219,H-391-14-1-P340,24.438850540000001,1.111202570000000,Forest Lake,FOREST LAKE CAMP,NY5612692,INTAKE FROM FOREST LAKE,WARREN,2597313.000000000000000,NP, ,"BLANCK, GEOFFREY",518-623-4771,263.000000000000000,IN,188537.488281250000000,2469.144864316590429
174,1,14831,H-391-39-1-P438-4-P442,75.000543179999994,2.759410030000000,Gooseneck Pond,TICONDEROGA WD,NY1500293,GOOSENECK POND INTAKE,ESSEX,2570954.000000000000000,C, ,TICONDEROGA SUPERVISOR AND TOWN BOARD,518-585-6265,5000.000000000000000,IN,584308.414062500000000,6158.994724335531828
175,1,14964,SR-146-19-6-1-P213,133.943325179999988,2.106326370000000,Chenango Lake,NORWICH CITY,NY0801745,CHENANGO LAKE,CHENANGO,2574587.000000000000000,C, ,"IVARSON, CARL P.",607-334-1255,8000.000000000000000,IN,1001180.566406250000000,4608.419358186446516
176,1,15236,SR-179-P295,5.283817490000000,0.513519940000000,Lower Reservoir,ONEONTA CITY,NY3800154,LOWER RESERVOIR,OTSEGO,2571355.000000000000000,C, ,"HAWVER, JAMES",607-432-0114,15779.000000000000000,IN,39367.929687500000000,1122.238891344823287
177,1,15480,SR-179-P297,88.679183030000004,2.439270040000000,Wilber Lake,ONEONTA CITY,NY3800154,WILBER LAKE,OTSEGO,2571354.000000000000000,C, ,"HAWVER, JAMES",607-432-0114,15779.000000000000000,IN,661479.222656250000000,5332.061925506243824
178,1,15765,SR-P404-9-P405,52.634824479999999,1.148092150000000,Allen Lake,RICHFIELD SPRINGS VILLAGE,NY3800156,ALLEN LAKE,OTSEGO,2571356.000000000000000,C, ,RICHFIELD SPRINGS MAYOR & VILLAGE BOARD,315-858-1710,1200.000000000000000,IN,396559.742187500000000,2520.491049188397483
179,2,15923,SL-P5150,17361.608294090001436,107.149368569999993,Lake St Lawrence,MASSENA VILLAGE,NY4404390,SURFACE-ST LAWRENCE RIVER,ST LAWRENCE,2571411.000000000000000,C, ,"FAYAD, HASSAN",315-769-8126,15362.000000000000000,IN,140343150.656250000000000,243567.127692736597965