"","LAKE_HISTORY_ID","waterbody","LOCATION_PWL_ID","PWS.ID","PWS.Name","PWS.Type","Primary.Source","Counties.Served","Cities.Served","PopulationServed.Count","Number.of.Facilities","Owner.Type"
"1","0300ONT0000","Henderson Bay","0303-0022","NY2701047","MCWA","Community water system","Surface water","Monroe, Orleans","BATAVIA (T), BRIGHTON (T), CHILI (T), CHURCHVILLE (V), CLARKSON (T), EAST ROCHESTER (X), FAIRPORT (V), GATES (T), GREECE (T), HAMLIN (T), HENRIETTA (T), HONEOYE FALLS (V), IRONDEQUOIT (T), KENDALL (T), MENDON (T), OAKFIELD (T), OAKFIELD (V), OGDEN (T), PARMA (T), PENFIELD (T), PERINTON (T), PITTSFORD (T), PITTSFORD (V), RIGA (T), ROCHESTER (C), RUSH (T), SCOTTSVILLE (V), SPENCERPORT (V), SWEDEN (T), VICTOR (T), VICTOR (V), WEBSTER (T), WHEATLAND (T)","496753","36","Public/Private"
"2","0300ONT0000","Henderson Bay","0303-0022","NY3304336","OCWA","Community water system","Surface water","Onondaga","SYRACUSE (C)","300000","104","Public/Private"
"3","1301FIR0150A","First, Second and Third Reservoirs","1301-0128","NY4303673","SUEZ WATER NEW YORK","Community water system","Surface water","Rockland","CLARKSTOWN (T)","270000","211","Private"
"4","1301ALC0185","Alcove Reservoir","1301-0232","NY0100189","ALBANY CITY","Community water system","Surface water","Albany","ALBANY (C)","101082","12","Local government"
"5","1302IND0042B","Indian Brook Reservoir","1302-0067","NY5903451","OSSINING WATER DEPARTMENT","Community water system","Surface water","Westchester","OSSINING (T)","30000","14","Local government"
"6","0300ONT0000","Henderson Bay","0303-0022","NY3704361","OSWEGO CITY","Community water system","Surface water","Oswego","OSWEGO (C)","29400","15","Local government"
"7","1101LOU0035","Loughberry Lake","1101-0068","NY4500168","SARATOGA SPRINGS CITY","Community water system","Surface water","Saratoga","SARATOGA SPRNGS (C)","26525","30","Local government"
"8","1307COO0839","Cooper Lake","1307-0022","NY5503374","KINGSTON (CITY) WATER DISTRICT","Community water system","Surface water","Ulster","KINGSTON (C)","24000","13","Local government"
"9","0601LOW0295","Oneonta Lower Reservoir","0601-0097","NY3800154","ONEONTA CITY","Community water system","Surface water","Otsego","ONEONTA (C), ONEONTA (T)","15779","17","Local government"
"10","0300ONT0000","Henderson Bay","0303-0022","NY4404394","OGDENSBURG CITY","Community water system","Surface water","St. Lawrence","OGDENSBURG (C)","11128","20","Local government"
"11","0300ONT0000","Henderson Bay","0303-0022","NY5801233","ONTARIO TOWN BENEFIT AREA #1","Community water system","Surface water","Wayne","ONTARIO (T)","10136","23","Local government"
"12","1303ALE0222D","Arthurs, Sphagnum, Tamarack Ponds and...","1301-0181","NY3503526","CORNWALL-ON-HUDSON","Community water system","Surface water","Orange","CORNWALL-ON-HUDSON (V)","9700","11","Local government"
"13","1309POT0925A","Potuck (Potic) Reservoir","1309-0024","NY1900026","CATSKILL VILLAGE","Community water system","Surface water","Greene","CATSKILL (T), CATSKILL (V)","8000","7","Local government"
"14","1301LUS0204","Lusk Reservoir","1301-0174","NY3511887","U.S.M.A. - LUSK SYSTEM","Community water system","Surface water","Orange","HIGHLANDS (T)","8000","5","Federal government"
"15","0300ONT0000","Henderson Bay","0303-0022","NY5801258","WILLIAMSON TOWN WD","Community water system","Surface water","Wayne","WILLIAMSON (T)","6600","22","Local government"
"16","0300ONT0000","Henderson Bay","0303-0022","NY3600596","ALBION VILLAGE","Community water system","Surface water","Orleans","ALBION (V)","6000","10","Local government"
"17","1101MEC1083","Mechanicville Reservoir","1101-0059","NY4500166","MECHANICVILLE CITY","Community water system","Surface water","Saratoga","MECHANICVILLE (C)","5200","24","Local government"
"18","1301COX0152B","Coxsackie Reservoir","1301-0227","NY1900027","COXSACKIE VILLAGE","Community water system","Surface water","Greene","COXSACKIE (T), COXSACKIE (V), NEW BALTIMORE (T)","4010","9","Local government"
"19","1403LIL0311","Lily Pond","1403-0067","NY5203329","LIBERTY VILLAGE","Community water system","Surface water","Sullivan","LIBERTY (V)","3900","17","Local government"
"20","1005DOL0424","Dolph/Beaver Pond","1005-0038","NY5704191","GREAT MEADOW/WASHINGTON CORR. FACILITIES","Community water system","Surface water","Washington","FORT ANN (T)","3802","12","State government"
"21","1301QUE0184A","Queensboro Lk, Turkey Hill Pd, others","1301-0056","NY4317681","BEAR MOUNTAIN WATER SUPPLY","Community water system","Surface water","Orange, Rockland","HIGHLANDS (T), STONY POINT (T), WOODBURY (T)","3564","14","State government"
"22","1303WAL0257","Walton Lake","1303-0004","NY3503524","CHESTER VILLAGE","Community water system","Surface water","Orange","CHESTER (V)","3448","8","Local government"
"23","0300ONT0000","Henderson Bay","0303-0022","NY4430133","EAST LOUISVILLE WATER DISTRICT","Community water system","Surface water","St. Lawrence","LOUISVILLE (T)","3235","9","Local government"
"24","1005PIN0398","Pine Lake (Long Pond)","1005-0025","NY5700124","WHITEHALL VILLAGE","Community water system","Surface water","Washington","WHITEHALL (V)","2800","19","Local government"
"25","1702BAR1108","Barlow Pond, Fishers Island","1701-0285","NY5103294","FISHERS ISLAND WW CORP","Community water system","Surface water","Suffolk","SOUTHOLD (T)","2500","13","Local government"
"26","0601OTS0404","Otsego Lake","0601-0033","NY3800145","COOPERSTOWN VILLAGE","Community water system","Surface water","Otsego","COOPERSTOWN (V)","2400","7","Local government"
"27","1004BUT0218","Butternut Pond","1004-0053","NY1500283","CHESTERFIELD WD","Community water system","Surface water","Essex","CHESTERFIELD (T)","2300","12","Local government"
"28","0300ONT0000","Henderson Bay","0303-0022","NY2202343","SACKETS HARBOR VILLAGE","Community water system","Surface water","Jefferson","SACKETS HARBOR (V)","2200","9","Local government"
"29","0300ONT0000","Henderson Bay","0303-0022","NY5801245","WOLCOTT VILLAGE","Community water system","Surface water","Wayne","WOLCOTT (V)","2200","15","Local government"
"30","0300ONT0000","Henderson Bay","0303-0022","NY2730003","RED-ROCHESTER IWS","Non-Transient non-community system","Surface water","Monroe","GREECE (T), ROCHESTER (C)","2185","5","Private"
"31","0300ONT0000","Henderson Bay","0303-0022","NY2202335","CLAYTON VILLAGE","Community water system","Surface water","Jefferson","CLAYTON (V)","2100","5","Local government"
"32","0300ONT0000","Henderson Bay","0303-0022","NY2202329","ALEXANDRIA BAY VILLAGE","Community water system","Surface water","Jefferson","ALEXANDRIA BAY (V)","1900","6","Local government"
"33","0300ONT0000","Henderson Bay","0303-0022","NY5801241","SODUS VILLAGE","Community water system","Surface water","Wayne","SODUS (V)","1819","16","Local government"
"34","1006EDG0381","Edgecomb Pond","1006-0028","NY5600101","BOLTON WATER DISTRICT","Community water system","Surface water","Warren","BOLTON (T)","1800","11","Local government"
"35","1302MAH0053","Lake Mahopac","1302-0007","NY3903644","CARMEL WD 8","Community water system","Surface water","Putnam","CARMEL (T)","1600","5","Local government"
"36","0300ONT0000","Henderson Bay","0303-0022","NY2202333","CAPE VINCENT VILLAGE","Community water system","Surface water","Jefferson","CAPE VINCENT (V)","1500","8","Local government"
"37","0300ONT0000","Henderson Bay","0303-0022","NY3600599","LYNDONVILLE VILLAGE","Community water system","Surface water","Orleans","LYNDONVILLE (V)","1418","6","Local government"
"38","0905STA0281","Star Lake","0905-0180","NY4404398","STAR LAKE WATER DISTRICT","Community water system","Surface water","St. Lawrence","FINE (T)","1250","9","Local government"
"39","0601ALL0405","Allen Lake","0601-0117","NY3800156","RICHFIELD SPRINGS VILLAGE","Community water system","Surface water","Otsego","RICHFIELD SPRINGS (V)","1200","7","Local government"
"40","1201FON0678A","Fonda Reservoir","1201-0123","NY2800138","FONDA (V) WATER WORKS","Community water system","Surface water","Montgomery","FONDA  (V)","1080","9","Local government"
"41","0300ONT0000","Henderson Bay","0303-0022","NY2209487","TIBA - BOLDT CASTLE","Transient non-community system","Surface water","Jefferson","ALEXANDRIA BAY (V)","1000","12","Public/Private"
"42","1501STA1011","Lake Stahahe","1501-0053","NY3517675","LAKE STAHAHE WS","Transient non-community system","Surface water","Orange","TUXEDO (T)","1000","4","State government"
"43","1301TIO0152","Lake Tiorati","1301-0129","NY3517682","LAKE TIORATI WS","Transient non-community system","Surface water","Orange","WOODBURY (T)","999","4","State government"
"44","1202UWB0599","Richmondville Reservoir","1202-0038","NY4700097","RICHMONDVILLE VILLAGE","Community water system","Surface water","Schoharie","RICHMONDVILLE (V)","918","7","Local government"
"45","0300ONT0000","Henderson Bay","0303-0022","NY2218318","THOUSAND ISLAND PARK CORP.","Transient non-community system","Surface water","Jefferson","ORLEANS (T)","900","5","Private"
"46","1301SUM0193","Bull Pond, Barnes Lake, Summit Lake","1301-0165","NY3517676","SUMMIT LAKE WS","Transient non-community system","Surface water","Orange","WOODBURY (T)","900","8","State government"
"47","0300ONT0000","Henderson Bay","0303-0022","NY2230027","HENDERSON TOWN WD 1,2","Community water system","Surface water","Jefferson","HENDERSON (T)","700","4","Local government"
"48","1202TAN0655A","Onteora Pond/Tannersville Reservoirs","1202-0069","NY1900033","TANNERSVILLE VILLAGE","Community water system","Surface water","Greene","HUNTER (T), TANNERSVILLE (V)","629","12","Local government"
"49","0300ONT0000","Henderson Bay","0303-0022","NY2211794","KRING POINT STATE PARK","Transient non-community system","Surface water","Jefferson","ALEXANDRIA (T)","600","6","State government"
"50","0300ONT0000","Henderson Bay","0303-0022","NY2220914","WELLESLEY ISLAND WATER CORP.","Community water system","Surface water","Jefferson","ALEXANDRIA (T)","548","5","Private"
"51","0300ONT0000","Henderson Bay","0303-0022","NY2211797","SOUTHWICK BEACH STATE PARK","Transient non-community system","Surface water","Jefferson","ELLISBURG (T)","520","7","State government"
"52","1311DEL0292","Delanson Reservoir","1311-0023","NY4600064","DELANSON VILLAGE WATER WORKS","Community water system","Surface water","Schenectady","DELANSON (V)","428","10","Local government"
"53","0300ONT0000","Henderson Bay","0303-0022","NY4404391","MORRISTOWN WATER DISTRICT","Community water system","Surface water","St. Lawrence","MORRISTOWN (V)","395","5","Local government"
"54","0300ONT0000","Henderson Bay","0303-0022","NY2211795","LONG POINT STATE PARK - JEFFERSON CTY","Transient non-community system","Surface water","Jefferson","LYME (T)","360","10","State government"
"55","0300ONT0000","Henderson Bay","0303-0022","NY2230097","ASSOCIATION ISLAND R.V. RESORT &MARINA","Transient non-community system","Surface water","Jefferson","HENDERSON (T)","307","12","Private"
"56","0300ONT0000","Henderson Bay","0303-0022","NY2208618","KRINGS TRAILER PARK","Transient non-community system","Surface water","Jefferson","ALEXANDRIA (T)","300","9","Private"
"57","0300ONT0000","Henderson Bay","0303-0022","NY2208811","BIRCH HAVEN CAMPGROUND","Transient non-community system","Surface water","Jefferson","CLAYTON (T)","200","16","Private"
"58","0300ONT0000","Henderson Bay","0303-0022","NY4421262","NEW YORK POWER AUTHORITY","Non-Transient non-community system","Surface water","St. Lawrence","MASSENA (T)","200","4","State government"
"59","0300ONT0000","Henderson Bay","0303-0022","NY2211789","CANOE-PICNIC POINT STATE PARK","Transient non-community system","Surface water","Jefferson","ALEXANDRIA BAY (V)","175","4","State government"
"60","0300ONT0000","Henderson Bay","0303-0022","NY2213150","SHANGRI-LA CAMPGROUND","Transient non-community system","Surface water","Jefferson","LYME (T)","150","12","Private"
"61","0601OTS0404","Otsego Lake","0601-0033","NY3813664","THREE MILE POINT","Transient non-community system","Surface water","Otsego","OTSEGO (T)","150","5","Local government"
"62","0300ONT0000","Henderson Bay","0303-0022","NY2208203","LANZS MOTEL INC.","Transient non-community system","Surface water","Jefferson","CLAYTON (T)","148","9","Private"
"63","0300ONT0000","Henderson Bay","0303-0022","NY2208814","ROOSEVELT TRAILER PARK/COT.","Transient non-community system","Surface water","Jefferson","CLAYTON (T)","132","18","Private"
"64","1311THO0274","Thompsons Lake","1311-0007","NY0118342","JOHN BOYD THATCHER STATE PARK","Transient non-community system","Surface water","Albany","BERNE (T), NEW SCOTLAND (T)","100","6","State government"
"65","0905CRA0309","Cranberry Lake","0905-0007","NY4411830","SUNY ESF RANGER SCHOOL","Non-Transient non-community system","Surface water","St. Lawrence","FINE (T)","100","6","State government"
"66","0300ONT0000","Henderson Bay","0303-0022","NY2213144","WILLOWS ON THE LAKE","Transient non-community system","Surface water","Jefferson","HENDERSON (T)","90","10","Private"
"67","0601OTS0404","Otsego Lake","0601-0033","NY3807994","OTSEGO LAKE BAYSIDE MOTOR INN","Transient non-community system","Surface water","Otsego","SPRINGFIELD (T)","84","12","Private"
"68","0300ONT0000","Henderson Bay","0303-0022","NY2219170","GUFFIN BAY RESORT & MARINA","Transient non-community system","Surface water","Jefferson","LYME (T)","60","13","Private"
"69","0601OTS0404","Otsego Lake","0601-0033","NY3807993","LAKE N PINES MOTEL, INC.","Transient non-community system","Surface water","Otsego","SPRINGFIELD (T)","58","11","Private"
"70","0300ONT0000","Henderson Bay","0303-0022","NY2211796","MARY ISLAND STATE PARK","Transient non-community system","Surface water","Jefferson","ALEXANDRIA BAY (V)","50","12","State government"
"71","0300ONT0000","Henderson Bay","0303-0022","NY4425001","REYNOLDS METALS COMPANY-ALCOA EAST","Non-Transient non-community system","Surface water","St. Lawrence","MASSENA (T)","50","8","Private"
"72","0601OTS0404","Otsego Lake","0601-0033","NY3821952","BLUE MINGO GRILL","Transient non-community system","Surface water","Otsego","OTSEGO (T)","40","3","Private"
"73","0300ONT0000","Henderson Bay","0303-0022","NY2208212","ONTARIO SHORES T/P & MARINA","Transient non-community system","Surface water","Jefferson","CAPE VINCENT (T)","39","8","Private"
"74","0300ONT0000","Henderson Bay","0303-0022","NY2230111","US COAST GUARD - WELLESLEY ISLAND","Non-Transient non-community system","Surface water","Jefferson","","29","7","Federal government"
"75","0300ONT0000","Henderson Bay","0303-0022","NY2230004","TIBA -U.S. CUSTOMS","Non-Transient non-community system","Surface water","Jefferson","ALEXANDER (T)","25","4","Local government"
"76","0300ONT0000","Henderson Bay","0303-0022","NY2230124","ROCK ISLAND LIGHTHOUSE STATE PARK","Transient non-community system","Surface water","Jefferson","ORLEANS (T)","25","5","State government"
"77","0300ONT0000","Henderson Bay","0303-0022","NY4430161","SINGER CASTLE","Transient non-community system","Surface water","St. Lawrence","HAMMOND (T)","25","5","Private"
"78","0300ONT0000","Henderson Bay","0303-0022","NY2202072","","","","","","","",""
"79","0601OTS0404","Otsego Lake","0601-0033","NY3830149","","","","","","","",""
"80","1104ROU0137","Round Lake","1104-0115","","","","","","","","",""
"81","0601WIL0297","Wilber Lake","0601-0098","","","","","","","","",""
"82","1000CHA0001","Lake Champlain, Main Lake, North","1000-0001","","","","","","","","",""
"83","1000CHA0001","Lake Champlain, Main Lake, South","1000-0003","","","","","","","","",""
"84","1202TAN0655B","Onteora Pond/Tannersville Reservoirs","1202-0069","","","","","","","","",""
"85","1000CHA0001","Lake Champlain, Main Lake, Middle","1000-0002","","","","","","","","",""
"86","1307KIN0837A","Kingston Reservoir 4","1307-0021","","","","","","","","",""
"87","0602UWB0108","Norwich Reservoirs","0602-0010","","","","","","","","",""
"88","1000CHA0001","Willsboro Bay","1001-0015","","","","","","","","",""
"89","1404STA0462","Stamford Reservoir","1404-0090","","","","","","","","",""
"90","1303UPP0223","Upper Reservoir","1301-0182","","","","","","","","",""
"91","1104GOO0442","Gooseneck Pond","1104-0236","","","","","","","","",""
"92","1311DUA0290","Duanesburg Reservoir","1311-0022","","","","","","","","",""